﻿{
	"$schema": "http://json-schema.org/draft-04/schema#",
	"type": "object",
	"properties": {
		"ticketNo": {
      "type": "string",
      "minLength": 1,
			"maxLength": 50
		},
    "claimNotiNo": {
      "type": "string",
      "minLength": 1,
      "maxLength": 15
    },
    "iSurveyStatusOn": {
      "type": "string",
      "maxLength": 25
    },
    "surveyMeetingLatitude": {
      "type": "string",
      "maxLength": 20
    },
    "surveyMeetingLongtitude": {
      "type": "string",
      "maxLength": 20
    },
    "surveyMeetingDistrict": {
      "type": "string",
      "maxLength": 100
    },
    "surveyMeetingProvince": {
      "type": "string",
      "maxLength": 100
    },
    "surveyMeetingPlace": {
      "type": "string",
      "maxLength": 2000
    },
    "surveyMeetingDate": {
      "type": "string",
      "maxLength": 25
    },
    "surveyorCode": {
      "type": "string",
      "maxLength": 20
    },
    "surveyorClientNumber": {
      "type": "string",
      "maxLength": 20
    },
    "surveyorName": {
      "type": "string",
      "maxLength": 200
    },
    "surveyorCompanyName": {
      "type": "string",
      "maxLength": 200
    },
    "surveyorCompanyMobile": {
      "type": "string",
      "maxLength": 100
    },
    "surveyType": {
      "type": "string",
      "enum": [
        "0",
        "1"
      ],
      "minLength": 1,
      "maxLength": 1
    },
    "surveyTeam": {
      "type": "string",
      "maxLength": 8
    },
    "surveyorMobile": {
      "type": "string",
      "maxLength": 200
    },
	},
	"required": [
    "ticketNo",
    "claimNotiNo",
    "surveyType"
	]
}