﻿{
  "$schema": "http://json-schema.org/draft-04/schema#",
  "type": "object",
  "properties": {

    "generalHeader": {
      "type": "object",
      "properties": {
        "roleCode": {
          "type": "string",
          "enum": [
            "G",
            "A",
            "S",
            "R",
            "H"
          ],
          "minLength": 1,
          "maxLength": 5
        },
        "cleansingId": {
          "type": "string",
          "maxLength": 20
        },
        "polisyClientId": {
          "type": "string",
          "maxLength": 8
        },
        "crmClientId": {
          "type": "string",
          "maxLength": 20
        },
        "clientAdditionalExistFlag": {
          "type": "string",
          "enum": [
            "",
            "N",
            "Y"
          ],
          "minLength": 0,
          "maxLength": 1
        }
      },
      "required": [
        "roleCode",
        "clientAdditionalExistFlag"
      ]
    },

    "profileHeader": {
      "type": "object",
      "properties": {
        "corporateName1": {
          "type": "string",
          "minLength": 1,
          "maxLength": 60
        },
        "corporateName2": {
          "type": "string",
          "maxLength": 60
        },
        "contactPerson": {
          "type": "string",
          "maxLength": 30
        },
        "idRegCorp": {
          "type": "string",
          "maxLength": 24
        },
        "idTax": {
          "type": "string",
          "maxLength": 20
        },
        "dateInCorporate": {
          "type": "string",
          "maxLength": 20
        },
        "corporateBranch": {
          "type": "string",
          "minLength": 1,
          "maxLength": 6
        },
        "econActivity": {
          "type": "string",
          "maxLength": 4
        },
        "countryOrigin": {
          "type": "string",
          "maxLength": 5
        },
        "language": {
          "type": "string",
          "enum": [
            "",
            "T",
            "E"
          ],
          "maxLength": 1
        },
        "riskLevel": {
          "type": "string",
          "maxLength": 2
        },
        "vipStatus": {
          "type": "string",
          "enum": [
            "",
            "N",
            "Y"
          ],
          "maxLength": 1
        }
      },
      "required": [
        "corporateName1",
        "corporateBranch"
      ]
    },

    "contactHeader": {
      "type": "object",
      "properties": {
        "telephone1": {
          "type": "string",
          "maxLength": 10
        },
        "telephone1Ext": {
          "type": "string",
          "maxLength": 5
        },
        "telephone2": {
          "type": "string",
          "maxLength": 10
        },
        "telephone2Ext": {
          "type": "string",
          "maxLength": 5
        },
        "telephone3": {
          "type": "string",
          "maxLength": 10
        },
        "telephone3Ext": {
          "type": "string",
          "maxLength": 5
        },
        "mobilePhone": {
          "type": "string",
          "maxLength": 16
        },
        "fax": {
          "type": "string",
          "maxLength": 16
        },
        "emailAddress": {
          "type": "string",
          "maxLength": 50
        },
        "lineID": {
          "type": "string",
          "maxLength": 50
        },
        "facebook": {
          "type": "string",
          "maxLength": 100
        }
      }
    },

    "addressHeader": {
      "type": "object",
      "properties": {
        "address1": {
          "type": "string",
          "minLength": 1,
          "maxLength": 30
        },
        "address2": {
          "type": "string",
          "maxLength": 30
        },
        "address3": {
          "type": "string",
          "maxLength": 30
        },
        "subDistrictCode": {
          "type": "string",
          "maxLength": 6
        },
        "districtCode": {
          "type": "string",
          "maxLength": 4
        },
        "provinceCode": {
          "type": "string",
          "maxLength": 2
        },
        "postalCode": {
          "type": "string",
          "minLength": 1,
          "maxLength": 10
        },
        "country": {
          "type": "string",
          "minLength": 1,
          "maxLength": 5
        },
        "addressType": {
          "type": "string",
          "maxLength": 2
        },
        "latitude": {
          "type": "string",
          "maxLength": 20
        },
        "longtitude": {
          "type": "string",
          "maxLength": 20
        }
      },
      "required": [
        "address1",
        "postalCode",
        "country"
      ]
    },

    "sapVendorInfo": {
      "type": "object",
      "properties": {
        "sapVendorGroupCode": {
          "type": "string",
          "minLength": 1,
          "maxLength": 4
        },
        "bankInfo": {
          "type": "object",
          "properties": {
            "bankCountryCode": {
              "type": "string",
              "maxLength": 3
            },
            "bankCode": {
              "type": "string",
              "maxLength": 4
            },
            "bankBranchCode": {
              "type": "string",
              "maxLength": 4
            },
            "bankAccount": {
              "type": "string",
              "maxLength": 18
            },
            "accountHolder": {
              "type": "string",
              "maxLength": 60
            },
            "paymentMethods": {
              "type": "string",
              "maxLength": 10
            }
          }
        },
        "withHoldingTaxInfo": {
          "type": "object",
          "properties": {
            "whtTaxCode": {
              "type": "string",
              "maxLength": 2
            },
            "receiptType": {
              "type": "string",
              "maxLength": 2
            }
          }
        }
      },
      "required": [
        "sapVendorGroupCode"
      ]
    }
  },
  "required": [
    "generalHeader",
    "profileHeader",
    "addressHeader",
    "sapVendorInfo"
  ]
}