﻿{
	"$schema": "http://json-schema.org/draft-04/schema#",
	"type": "object",
  "properties": {
    "ticketNo": {
      "type": "string",
      "minLength": 1,
      "maxLength": 50
    },
    "claimNotiNo": {
      "type": "string",
      "minLength": 1,
      "maxLength": 15
    },
    "claimNo": {
      "type": "string",
      "minLength": 1,
      "maxLength": 8
    },
    "claimId": {
      "type": "string",
      "minLength": 1,
      "maxLength": 20
    },
    "claimStatusCode": {
      "type": "string",
      "minLength": 1,
      "maxLength": 5
    },
    "claimStatusDesc": {
      "type": "string",
      "minLength": 1,
      "maxLength": 100
    }
  },
  "required": [
    "ticketNo",
    "claimNotiNo",
    "claimNo",
    "claimId",
    "claimStatusCode",
    "claimStatusDesc"
  ]
}