﻿<?xml version="1.0"?>
<log4net>
  <appender name="RollingFileAppender" type="log4net.Appender.RollingFileAppender">
    <encoding value="utf-8" />
    <lockingModel type="log4net.Appender.FileAppender+MinimalLock" />
    <file value="logs\" />
    <datePattern value="yyyy.MM.dd'.log'" />
    <staticLogFileName value="false" />
    <appendToFile value="true" />
    <rollingStyle value="Composite" />
    <maxSizeRollBackups value="10" />
    <maximumFileSize value="5MB" />
    <layout type="log4net.Layout.PatternLayout">
      <!--<conversionPattern value="%date [%thread] %-5level %logger [%property{NDC}] - %message%newline" />-->
      <conversionPattern value="%date [%thread] %-5level %logger - %message%newline" />
    </layout>
  </appender>
  <root>
    <level value="ALL" />
    <appender-ref ref="RollingFileAppender" />
  </root>
</log4net>